{"(14, 7)":{"proportion":14,"bias":[0.04349827990991716,0.037168068582382856],"friction":7},"(14, 8)":{"proportion":14,"bias":[0.04108439824213399,0.027943468559887323],"friction":8},"(13, 7)":{"proportion":13,"bias":[0.05248655324984692,0.041140299975893815],"friction":7},"(15, 7)":{"proportion":15,"bias":[0.046874213789345566,0.02972784972988524],"friction":7},"(18, 7)":{"proportion":18,"bias":[0.033007098994261456,0.038411139878514716],"friction":7},"(13, 8)":{"proportion":13,"bias":[0.04488353043014152,0.031060260729299658],"friction":8},"(15, 8)":{"proportion":15,"bias":[0.044321516368468844,0.030489104568186855],"friction":8},"(18, 8)":{"proportion":18,"bias":[0.033516094041028545,0.03014600589809333],"friction":8},"(16, 7)":{"proportion":16,"bias":[0.06405626586705043,0.022542547938035437],"friction":7},"(16, 8)":{"proportion":16,"bias":[0.03374372616898994,0.025944619288015582],"friction":8},"(17, 7)":{"proportion":17,"bias":[0.04994776258136448,0.029263042316524424],"friction":7},"(17, 8)":{"proportion":17,"bias":[0.028416752375427852,0.033816012388123304],"friction":8}}