{"(20, 4)":{"proportion":20,"bias":[0.0587206857961974,0.03762656555209019],"friction":4},"(24, 3)":{"proportion":24,"bias":[0.05362002593585817,0.04114358610603042],"friction":3},"(24, 4)":{"proportion":24,"bias":[0.06220475052811792,0.03776608316658357],"friction":4},"(23, 3)":{"proportion":23,"bias":[0.07925858893775102,0.054830396648075555],"friction":3},"(19, 3)":{"proportion":19,"bias":[0.09791429339328075,0.039238522140098285],"friction":3},"(22, 3)":{"proportion":22,"bias":[0.07212002972281262,0.043239639018579946],"friction":3},"(23, 4)":{"proportion":23,"bias":[0.06560210469399931,0.04157510668677572],"friction":4},"(19, 4)":{"proportion":19,"bias":[0.049830094620842896,0.026934973974518196],"friction":4},"(22, 4)":{"proportion":22,"bias":[0.04198590155834992,0.039754015131949386],"friction":4},"(21, 3)":{"proportion":21,"bias":[0.058730328869371476,0.04900017017330289],"friction":3},"(21, 4)":{"proportion":21,"bias":[0.059006119594374615,0.038486676853557264],"friction":4},"(20, 3)":{"proportion":20,"bias":[0.05723926073922385,0.050442109373911775],"friction":3}}