{"(1, 2)":{"proportion":1,"bias":[0.6613359786908709,0.4054126285177182],"friction":2},"(3, 1)":{"proportion":3,"bias":[0.5037604815554775,0.3924548466924296],"friction":1},"(6, 2)":{"proportion":6,"bias":[0.27660261650511,0.12329360610067508],"friction":2},"(3, 2)":{"proportion":3,"bias":[0.3899813955236779,0.22222432027708022],"friction":2},"(4, 1)":{"proportion":4,"bias":[0.5056788645863642,0.264650802026454],"friction":1},"(2, 1)":{"proportion":2,"bias":[0.6372058273604719,0.3593728109505384],"friction":1},"(4, 2)":{"proportion":4,"bias":[0.3520995250507461,0.14325032166532511],"friction":2},"(5, 1)":{"proportion":5,"bias":[0.5050879361772777,0.2908111762155444],"friction":1},"(2, 2)":{"proportion":2,"bias":[0.45308842063025967,0.2636908920175844],"friction":2},"(1, 1)":{"proportion":1,"bias":[0.6869959875190653,0.5311431468741259],"friction":1},"(5, 2)":{"proportion":5,"bias":[0.2990545559277399,0.17766531141210995],"friction":2},"(6, 1)":{"proportion":6,"bias":[0.41385344295584503,0.19937506617752584],"friction":1}}