{"(23, 2)":{"proportion":23,"bias":[0.12340399140601326,0.05147308181909317],"friction":2},"(19, 2)":{"proportion":19,"bias":[0.08771014268707954,0.09231062674860248],"friction":2},"(22, 2)":{"proportion":22,"bias":[0.11401078304515344,0.057467620973065243],"friction":2},"(21, 1)":{"proportion":21,"bias":[0.2046893841442608,0.10030847849587132],"friction":1},"(21, 2)":{"proportion":21,"bias":[0.08224358382543927,0.05551164861315648],"friction":2},"(20, 1)":{"proportion":20,"bias":[0.3024440999072972,0.08311363459340741],"friction":1},"(24, 1)":{"proportion":24,"bias":[0.09775437762865921,0.09529631570059069],"friction":1},"(23, 1)":{"proportion":23,"bias":[0.11767749789216012,0.12716510399433809],"friction":1},"(19, 1)":{"proportion":19,"bias":[0.1393255521738835,0.12743145643727705],"friction":1},"(22, 1)":{"proportion":22,"bias":[0.17953556011054858,0.12113764707279581],"friction":1},"(20, 2)":{"proportion":20,"bias":[0.10728427578253545,0.08065360109244837],"friction":2},"(24, 2)":{"proportion":24,"bias":[0.07480999524105593,0.05742755302382994],"friction":2}}