{"(21, 5)":{"proportion":21,"bias":[0.058694259968042645,0.03723527158343195],"friction":5},"(21, 6)":{"proportion":21,"bias":[0.041852650907728085,0.027587372635843523],"friction":6},"(20, 5)":{"proportion":20,"bias":[0.055337494200621284,0.028260906512226274],"friction":5},"(24, 5)":{"proportion":24,"bias":[0.05805591967463112,0.04052046654261729],"friction":5},"(20, 6)":{"proportion":20,"bias":[0.042250042773060825,0.031497976855005064],"friction":6},"(23, 5)":{"proportion":23,"bias":[0.034890200414901866,0.04218299482683705],"friction":5},"(19, 5)":{"proportion":19,"bias":[0.03636298890857845,0.03633003368943449],"friction":5},"(22, 5)":{"proportion":22,"bias":[0.06379065183778222,0.04327945506179741],"friction":5},"(24, 6)":{"proportion":24,"bias":[0.041788405900821786,0.026628364795363298],"friction":6},"(23, 6)":{"proportion":23,"bias":[0.054889297880292016,0.02922569578054067],"friction":6},"(19, 6)":{"proportion":19,"bias":[0.04039474004572651,0.03348017910353264],"friction":6},"(22, 6)":{"proportion":22,"bias":[0.032439320899330375,0.03228499769520817],"friction":6}}