{"(10, 9)":{"proportion":10,"bias":[0.05998378025678661,0.029198983983407353],"friction":9},"(11, 10)":{"proportion":11,"bias":[0.03565853804891591,0.026259494048846494],"friction":10},"(9, 10)":{"proportion":9,"bias":[0.0507858525933922,0.026033890152782756],"friction":10},"(12, 9)":{"proportion":12,"bias":[0.03131384449708893,0.03127961508218999],"friction":9},"(7, 10)":{"proportion":7,"bias":[0.06605723554859522,0.04073753021167905],"friction":10},"(8, 9)":{"proportion":8,"bias":[0.058942799489521074,0.036169552532457794],"friction":9},"(11, 9)":{"proportion":11,"bias":[0.048559739888979846,0.03245462441726369],"friction":9},"(9, 9)":{"proportion":9,"bias":[0.038864276579260754,0.02790112585865887],"friction":9},"(10, 10)":{"proportion":10,"bias":[0.03878734052290314,0.02087405775976436],"friction":10},"(7, 9)":{"proportion":7,"bias":[0.059574477829497555,0.02803542095506072],"friction":9},"(12, 10)":{"proportion":12,"bias":[0.034823453035278965,0.03738629909095152],"friction":10},"(8, 10)":{"proportion":8,"bias":[0.05069702417602053,0.03257291742320276],"friction":10}}