{"(13, 5)":{"proportion":13,"bias":[0.0687764269700746,0.04916572928036666],"friction":5},"(15, 5)":{"proportion":15,"bias":[0.049373128750792736,0.032411846130061525],"friction":5},"(18, 5)":{"proportion":18,"bias":[0.06203041245289728,0.03723761473829503],"friction":5},"(13, 6)":{"proportion":13,"bias":[0.05344987897101357,0.02912043494631279],"friction":6},"(15, 6)":{"proportion":15,"bias":[0.03763761162436565,0.032928544442361866],"friction":6},"(18, 6)":{"proportion":18,"bias":[0.03862595340578256,0.03548556702716529],"friction":6},"(16, 5)":{"proportion":16,"bias":[0.06488957330332418,0.029143147799607756],"friction":5},"(16, 6)":{"proportion":16,"bias":[0.06449524903778149,0.021317343100605072],"friction":6},"(17, 5)":{"proportion":17,"bias":[0.07192198463499277,0.035734665030404],"friction":5},"(17, 6)":{"proportion":17,"bias":[0.048957083042038795,0.031804484928509534],"friction":6},"(14, 5)":{"proportion":14,"bias":[0.06756155734405674,0.036636725099132135],"friction":5},"(14, 6)":{"proportion":14,"bias":[0.053614937211247535,0.02716633468298855],"friction":6}}