{"(21, 7)":{"proportion":21,"bias":[0.04508829661256755,0.03644029822227538],"friction":7},"(21, 8)":{"proportion":21,"bias":[0.043889384077163356,0.024119522632128045],"friction":8},"(20, 7)":{"proportion":20,"bias":[0.03202066223402834,0.032516302414303803],"friction":7},"(24, 7)":{"proportion":24,"bias":[0.033697417840098685,0.02988405116034676],"friction":7},"(20, 8)":{"proportion":20,"bias":[0.03477970912943244,0.031634097566767196],"friction":8},"(23, 7)":{"proportion":23,"bias":[0.04271840669817603,0.03555031905236426],"friction":7},"(19, 7)":{"proportion":19,"bias":[0.03857361309955645,0.025634013847296536],"friction":7},"(22, 7)":{"proportion":22,"bias":[0.03741063218446336,0.031463812193933675],"friction":7},"(24, 8)":{"proportion":24,"bias":[0.035851245881400554,0.02512562641820691],"friction":8},"(23, 8)":{"proportion":23,"bias":[0.047339032393634746,0.02896252997622537],"friction":8},"(19, 8)":{"proportion":19,"bias":[0.03321853732514074,0.0331125344839951],"friction":8},"(22, 8)":{"proportion":22,"bias":[0.026692226057826365,0.03164865965186811],"friction":8}}