{"(18, 9)":{"proportion":18,"bias":[0.03164622788296102,0.027576270453952258],"friction":9},"(14, 10)":{"proportion":14,"bias":[0.043277865184292275,0.031357318643269357],"friction":10},"(16, 9)":{"proportion":16,"bias":[0.03397251208312908,0.03333156639719342],"friction":9},"(17, 9)":{"proportion":17,"bias":[0.028088459554359416,0.024725320259213455],"friction":9},"(13, 10)":{"proportion":13,"bias":[0.039213987466505604,0.022667509009726607],"friction":10},"(15, 10)":{"proportion":15,"bias":[0.0326457982558552,0.02032059837964091],"friction":10},"(14, 9)":{"proportion":14,"bias":[0.0344909174492636,0.02025892305665534],"friction":9},"(18, 10)":{"proportion":18,"bias":[0.03566949316480203,0.025734995658583577],"friction":10},"(16, 10)":{"proportion":16,"bias":[0.03469480214340418,0.03035805818769865],"friction":10},"(13, 9)":{"proportion":13,"bias":[0.054262698698453043,0.0374823005198769],"friction":9},"(17, 10)":{"proportion":17,"bias":[0.026043230001026905,0.02396234457422798],"friction":10},"(15, 9)":{"proportion":15,"bias":[0.0350477078197813,0.02959542677839028],"friction":9}}