{"(17, 2)":{"proportion":17,"bias":[0.11851162890779793,0.060148349214136435],"friction":2},"(14, 1)":{"proportion":14,"bias":[0.17538020664455006,0.11943258347324325],"friction":1},"(14, 2)":{"proportion":14,"bias":[0.14453130591454996,0.10053107875669491],"friction":2},"(13, 1)":{"proportion":13,"bias":[0.20920560860929902,0.19619245504200936],"friction":1},"(15, 1)":{"proportion":15,"bias":[0.24375979942670448,0.09667610288138465],"friction":1},"(18, 1)":{"proportion":18,"bias":[0.1779806510060065,0.09228796907020666],"friction":1},"(13, 2)":{"proportion":13,"bias":[0.12032850603436672,0.09836692944520191],"friction":2},"(15, 2)":{"proportion":15,"bias":[0.1100109066948387,0.1054359762953247],"friction":2},"(16, 1)":{"proportion":16,"bias":[0.22197028560544477,0.14833884130986982],"friction":1},"(18, 2)":{"proportion":18,"bias":[0.11760756655181459,0.06302686170784963],"friction":2},"(17, 1)":{"proportion":17,"bias":[0.18389076219614453,0.11625017193850647],"friction":1},"(16, 2)":{"proportion":16,"bias":[0.11326294600498861,0.06682172465426288],"friction":2}}