{"(17, 3)":{"proportion":17,"bias":[0.12324473913047408,0.06212153285681503],"friction":3},"(17, 4)":{"proportion":17,"bias":[0.07437555258040039,0.057852560680818066],"friction":4},"(14, 3)":{"proportion":14,"bias":[0.12274775482891793,0.06311803604673426],"friction":3},"(14, 4)":{"proportion":14,"bias":[0.06729730962554357,0.07011486103445691],"friction":4},"(13, 3)":{"proportion":13,"bias":[0.10142161150979563,0.05597038294182071],"friction":3},"(15, 3)":{"proportion":15,"bias":[0.08630914067417297,0.049620336653378824],"friction":3},"(13, 4)":{"proportion":13,"bias":[0.09047756402195886,0.040351769150684065],"friction":4},"(18, 3)":{"proportion":18,"bias":[0.06672725721547451,0.06114312490816565],"friction":3},"(15, 4)":{"proportion":15,"bias":[0.07147136105655628,0.049182544836235444],"friction":4},"(18, 4)":{"proportion":18,"bias":[0.0699029454025268,0.04038011185113832],"friction":4},"(16, 3)":{"proportion":16,"bias":[0.1161617772325082,0.03409130544802],"friction":3},"(16, 4)":{"proportion":16,"bias":[0.07325582696174061,0.04546698144174822],"friction":4}}