{"(27, 5)":{"proportion":27,"bias":[0.036504461651253005,0.026387144556085717],"friction":5},"(26, 5)":{"proportion":26,"bias":[0.039478824190770104,0.031774362726468344],"friction":5},"(27, 6)":{"proportion":27,"bias":[0.03692765487512204,0.037199253499791855],"friction":6},"(26, 6)":{"proportion":26,"bias":[0.049795617892915256,0.024302168690128592],"friction":6},"(30, 5)":{"proportion":30,"bias":[0.04006768084161066,0.030603546709798646],"friction":5},"(28, 5)":{"proportion":28,"bias":[0.02848864960374311,0.0247933556874256],"friction":5},"(30, 6)":{"proportion":30,"bias":[0.04869342529480554,0.02420395853544187],"friction":6},"(28, 6)":{"proportion":28,"bias":[0.033551448768538085,0.043746651314029175],"friction":6},"(29, 5)":{"proportion":29,"bias":[0.05714190360203597,0.03014449964759357],"friction":5},"(25, 5)":{"proportion":25,"bias":[0.06599266000512613,0.030053784831630542],"friction":5},"(29, 6)":{"proportion":29,"bias":[0.031584294482055096,0.03682980076141904],"friction":6},"(25, 6)":{"proportion":25,"bias":[0.05463498385326851,0.02802586126384387],"friction":6}}