{"(29, 1)":{"proportion":29,"bias":[0.2266325684516472,0.14449433143145762],"friction":1},"(25, 1)":{"proportion":25,"bias":[0.2532885219015752,0.1411937295127626],"friction":1},"(29, 2)":{"proportion":29,"bias":[0.08291831051835082,0.07209726498807303],"friction":2},"(25, 2)":{"proportion":25,"bias":[0.08161717202893075,0.06109754323936604],"friction":2},"(27, 1)":{"proportion":27,"bias":[0.14082389467241732,0.06418487781220218],"friction":1},"(26, 1)":{"proportion":26,"bias":[0.22136400448640745,0.09228696818923188],"friction":1},"(27, 2)":{"proportion":27,"bias":[0.06725206177527839,0.05421442156631386],"friction":2},"(26, 2)":{"proportion":26,"bias":[0.09866619001835089,0.04691224052902409],"friction":2},"(30, 1)":{"proportion":30,"bias":[0.12883432157084945,0.07468571224633228],"friction":1},"(28, 1)":{"proportion":28,"bias":[0.14288839585255378,0.12380811214653263],"friction":1},"(30, 2)":{"proportion":30,"bias":[0.053680065455294274,0.0588250180490604],"friction":2},"(28, 2)":{"proportion":28,"bias":[0.08957221191450174,0.07775643571422067],"friction":2}}