{"(19, 10)":{"proportion":19,"bias":[0.025178864586947746,0.024146817228485225],"friction":10},"(22, 10)":{"proportion":22,"bias":[0.029961073943963343,0.024101082017455373],"friction":10},"(20, 9)":{"proportion":20,"bias":[0.04156662601555526,0.019792599554829097],"friction":9},"(24, 9)":{"proportion":24,"bias":[0.02423609198857338,0.020865502500132256],"friction":9},"(23, 9)":{"proportion":23,"bias":[0.03169519637676331,0.032371481674727615],"friction":9},"(19, 9)":{"proportion":19,"bias":[0.03177755692141784,0.023355404134848844],"friction":9},"(22, 9)":{"proportion":22,"bias":[0.02974793363269847,0.020645709074757476],"friction":9},"(21, 10)":{"proportion":21,"bias":[0.03403551123749839,0.022919321800301942],"friction":10},"(20, 10)":{"proportion":20,"bias":[0.03404653748852661,0.02151265548743828],"friction":10},"(24, 10)":{"proportion":24,"bias":[0.024154709822407076,0.021513005559505513],"friction":10},"(21, 9)":{"proportion":21,"bias":[0.03412343586493285,0.023764760157465672],"friction":9},"(23, 10)":{"proportion":23,"bias":[0.029902651135913727,0.025636108115237158],"friction":10}}