{"(30, 3)":{"proportion":30,"bias":[0.05093415050655122,0.04540396731734357],"friction":3},"(28, 3)":{"proportion":28,"bias":[0.052943374832393995,0.04683101769406437],"friction":3},"(30, 4)":{"proportion":30,"bias":[0.05026813881120503,0.031272642106341945],"friction":4},"(28, 4)":{"proportion":28,"bias":[0.061895847551700356,0.03757476655340562],"friction":4},"(29, 3)":{"proportion":29,"bias":[0.071203095802588,0.04556253381757026],"friction":3},"(25, 3)":{"proportion":25,"bias":[0.07281273375081057,0.03204637714678181],"friction":3},"(29, 4)":{"proportion":29,"bias":[0.06900960507682079,0.035576134590546704],"friction":4},"(25, 4)":{"proportion":25,"bias":[0.04090943284598924,0.028879631850183964],"friction":4},"(27, 3)":{"proportion":27,"bias":[0.0384928342405176,0.03886906304511344],"friction":3},"(26, 3)":{"proportion":26,"bias":[0.08078668761128896,0.057856805162941165],"friction":3},"(27, 4)":{"proportion":27,"bias":[0.04715450203409918,0.0365991506959731],"friction":4},"(26, 4)":{"proportion":26,"bias":[0.04300561059391628,0.0379122518306041],"friction":4}}