{"(27, 9)":{"proportion":27,"bias":[0.026453071662941,0.02016487785721832],"friction":9},"(26, 9)":{"proportion":26,"bias":[0.04288161261301465,0.020554795869080336],"friction":9},"(29, 10)":{"proportion":29,"bias":[0.02609116043207246,0.023311410547842932],"friction":10},"(30, 9)":{"proportion":30,"bias":[0.02296455337795422,0.019775543400740666],"friction":9},"(25, 10)":{"proportion":25,"bias":[0.03116521219058234,0.018122534729255364],"friction":10},"(28, 9)":{"proportion":28,"bias":[0.02585107202010741,0.03192986977519315],"friction":9},"(27, 10)":{"proportion":27,"bias":[0.025392055413194912,0.019702486845843598],"friction":10},"(26, 10)":{"proportion":26,"bias":[0.019651566712033792,0.025679056059519288],"friction":10},"(29, 9)":{"proportion":29,"bias":[0.042678505382391776,0.022765640262905316],"friction":9},"(25, 9)":{"proportion":25,"bias":[0.028430250196031164,0.02128856895984447],"friction":9},"(30, 10)":{"proportion":30,"bias":[0.031286858619199893,0.021401650503084946],"friction":10},"(28, 10)":{"proportion":28,"bias":[0.03775611688020416,0.02350370917089588],"friction":10}}