{"(29, 7)":{"proportion":29,"bias":[0.02895851358564183,0.02968856277026339],"friction":7},"(25, 7)":{"proportion":25,"bias":[0.029942486759184813,0.026862597945348028],"friction":7},"(29, 8)":{"proportion":29,"bias":[0.03685546604405764,0.022430039707328653],"friction":8},"(25, 8)":{"proportion":25,"bias":[0.025412616335695845,0.02561033660164237],"friction":8},"(27, 7)":{"proportion":27,"bias":[0.043467518505261114,0.024095689209273883],"friction":7},"(26, 7)":{"proportion":26,"bias":[0.04267836910085912,0.02216141523938293],"friction":7},"(27, 8)":{"proportion":27,"bias":[0.030578488529791052,0.030126249369862985],"friction":8},"(26, 8)":{"proportion":26,"bias":[0.037564286133618896,0.02626438870430496],"friction":8},"(30, 7)":{"proportion":30,"bias":[0.04160379953034827,0.02739109888213696],"friction":7},"(28, 7)":{"proportion":28,"bias":[0.03943123284146294,0.03169883965495741],"friction":7},"(30, 8)":{"proportion":30,"bias":[0.039971472176003525,0.02215568854515035],"friction":8},"(28, 8)":{"proportion":28,"bias":[0.030209162497910853,0.024996830668381095],"friction":8}}