{"(1, 3)":{"proportion":1,"bias":[0.5300392758968895,0.32988559449386773],"friction":3},"(6, 3)":{"proportion":6,"bias":[0.17624802332201334,0.09238545944501378],"friction":3},"(1, 4)":{"proportion":1,"bias":[0.4728996482284571,0.2758055763927289],"friction":4},"(6, 4)":{"proportion":6,"bias":[0.1311707585870051,0.07684284973504955],"friction":4},"(3, 3)":{"proportion":3,"bias":[0.2927338806238818,0.1846094430998395],"friction":3},"(3, 4)":{"proportion":3,"bias":[0.22282137382914893,0.14785744558626218],"friction":4},"(4, 3)":{"proportion":4,"bias":[0.2501507701736117,0.1281433447220455],"friction":3},"(2, 3)":{"proportion":2,"bias":[0.3952693721348112,0.22391778150734012],"friction":3},"(4, 4)":{"proportion":4,"bias":[0.20403344616208555,0.092013055919063],"friction":4},"(2, 4)":{"proportion":2,"bias":[0.3189319270564392,0.1602164743065336],"friction":4},"(5, 3)":{"proportion":5,"bias":[0.19315337120168213,0.15665721144102782],"friction":3},"(5, 4)":{"proportion":5,"bias":[0.18477228070534965,0.10807391177301735],"friction":4}}