{"(4, 5)":{"proportion":4,"bias":[0.17189468481086992,0.09283934804458088],"friction":5},"(2, 5)":{"proportion":2,"bias":[0.26311360233295383,0.16721907187922452],"friction":5},"(4, 6)":{"proportion":4,"bias":[0.14092238129418427,0.08786233291523675],"friction":6},"(2, 6)":{"proportion":2,"bias":[0.2617452014410647,0.12519085912677808],"friction":6},"(5, 5)":{"proportion":5,"bias":[0.14645402241415917,0.06982387038949327],"friction":5},"(5, 6)":{"proportion":5,"bias":[0.11645691372883278,0.05736035102379264],"friction":6},"(1, 5)":{"proportion":1,"bias":[0.40430343777191685,0.24135666246484672],"friction":5},"(6, 5)":{"proportion":6,"bias":[0.12483180678306383,0.058690167350464964],"friction":5},"(1, 6)":{"proportion":1,"bias":[0.38505915152155556,0.22097280514108175],"friction":6},"(6, 6)":{"proportion":6,"bias":[0.09864804176374174,0.05494972311431018],"friction":6},"(3, 5)":{"proportion":3,"bias":[0.2158486938088567,0.11836721450335286],"friction":5},"(3, 6)":{"proportion":3,"bias":[0.1878012815971503,0.1033459201800927],"friction":6}}