{"(6, 8)":{"proportion":6,"bias":[0.08160713809553433,0.037474099754437495],"friction":8},"(3, 7)":{"proportion":3,"bias":[0.1556990644134352,0.0772175585596183],"friction":7},"(3, 8)":{"proportion":3,"bias":[0.12598738126034187,0.0680343369136612],"friction":8},"(4, 7)":{"proportion":4,"bias":[0.12472852701842937,0.06624529771701936],"friction":7},"(2, 7)":{"proportion":2,"bias":[0.2350804061239719,0.13309115457565915],"friction":7},"(4, 8)":{"proportion":4,"bias":[0.1096089663493211,0.05813834163571417],"friction":8},"(2, 8)":{"proportion":2,"bias":[0.17768756590943025,0.09928062803993642],"friction":8},"(5, 7)":{"proportion":5,"bias":[0.10282692768578872,0.05958130159645339],"friction":7},"(5, 8)":{"proportion":5,"bias":[0.08756126093820836,0.055724357595446854],"friction":8},"(1, 7)":{"proportion":1,"bias":[0.3503233492519706,0.1976840184050274],"friction":7},"(6, 7)":{"proportion":6,"bias":[0.09116733041931445,0.04507268535778806],"friction":7},"(1, 8)":{"proportion":1,"bias":[0.3189848445211546,0.19060804518654587],"friction":8}}