{"(1, 10)":{"proportion":1,"bias":[0.27219589005343947,0.14488357323597514],"friction":10},"(6, 10)":{"proportion":6,"bias":[0.060859289293042074,0.038921432452889294],"friction":10},"(5, 9)":{"proportion":5,"bias":[0.09421945055492198,0.037084625542120976],"friction":9},"(3, 10)":{"proportion":3,"bias":[0.11076053110144364,0.06016297312505946],"friction":10},"(1, 9)":{"proportion":1,"bias":[0.2919731084478622,0.1677946797581728],"friction":9},"(6, 9)":{"proportion":6,"bias":[0.08379984146651631,0.054531642293285075],"friction":9},"(4, 10)":{"proportion":4,"bias":[0.10495233822346509,0.057783985652335015],"friction":10},"(2, 10)":{"proportion":2,"bias":[0.15037128793195723,0.08662498467862591],"friction":10},"(3, 9)":{"proportion":3,"bias":[0.11795773388069948,0.08132069231940249],"friction":9},"(5, 10)":{"proportion":5,"bias":[0.09062241022823357,0.04507470389421798],"friction":10},"(4, 9)":{"proportion":4,"bias":[0.10257070287907696,0.041692367006470415],"friction":9},"(2, 9)":{"proportion":2,"bias":[0.17672083015760084,0.09748571780529584],"friction":9}}