{"(11, 2)":{"proportion":11,"bias":[0.1692210439581953,0.06929381211524129],"friction":2},"(7, 1)":{"proportion":7,"bias":[0.36934631907614246,0.241325873826492],"friction":1},"(9, 2)":{"proportion":9,"bias":[0.20338779435563642,0.1219434193077874],"friction":2},"(7, 2)":{"proportion":7,"bias":[0.23999410283091377,0.11948692397377202],"friction":2},"(10, 1)":{"proportion":10,"bias":[0.3168214031367903,0.179608710454264],"friction":1},"(10, 2)":{"proportion":10,"bias":[0.17521072273464686,0.096606316082919],"friction":2},"(12, 1)":{"proportion":12,"bias":[0.24325362108185677,0.19933486906618056],"friction":1},"(8, 1)":{"proportion":8,"bias":[0.29724682515176437,0.20306982255020342],"friction":1},"(11, 1)":{"proportion":11,"bias":[0.2528760445031204,0.12264200492063454],"friction":1},"(12, 2)":{"proportion":12,"bias":[0.13507645717211736,0.07237211040917485],"friction":2},"(9, 1)":{"proportion":9,"bias":[0.2752447999994759,0.20597922611607528],"friction":1},"(8, 2)":{"proportion":8,"bias":[0.16131855754567886,0.09529204296506266],"friction":2}}