{"(12, 3)":{"proportion":12,"bias":[0.08234092001630103,0.07138571642422865],"friction":3},"(8, 3)":{"proportion":8,"bias":[0.18402554642539876,0.09769971939021489],"friction":3},"(12, 4)":{"proportion":12,"bias":[0.09728128660864667,0.04045223657855778],"friction":4},"(8, 4)":{"proportion":8,"bias":[0.10213231287310531,0.03671265548460852],"friction":4},"(11, 3)":{"proportion":11,"bias":[0.09409258396341023,0.09970016611659893],"friction":3},"(9, 3)":{"proportion":9,"bias":[0.11610499169514674,0.07208451566518663],"friction":3},"(11, 4)":{"proportion":11,"bias":[0.09040311925087954,0.05775140082056858],"friction":4},"(9, 4)":{"proportion":9,"bias":[0.09870074026290418,0.050799753941675865],"friction":4},"(7, 3)":{"proportion":7,"bias":[0.17128102115683924,0.08264969722583312],"friction":3},"(7, 4)":{"proportion":7,"bias":[0.1028226240998028,0.060576396032327395],"friction":4},"(10, 3)":{"proportion":10,"bias":[0.117683503853563,0.04749337102818888],"friction":3},"(10, 4)":{"proportion":10,"bias":[0.09919996568643284,0.04520991619854097],"friction":4}}