{"(10, 5)":{"proportion":10,"bias":[0.07649563874874465,0.05427848442426989],"friction":5},"(10, 6)":{"proportion":10,"bias":[0.07330537760978766,0.035550835848192144],"friction":6},"(12, 5)":{"proportion":12,"bias":[0.06976196254819256,0.03342836621341147],"friction":5},"(8, 5)":{"proportion":8,"bias":[0.09964249062823069,0.04693001493127979],"friction":5},"(12, 6)":{"proportion":12,"bias":[0.06082712610340627,0.038322885948263045],"friction":6},"(11, 5)":{"proportion":11,"bias":[0.059291880573169885,0.04401814010574749],"friction":5},"(8, 6)":{"proportion":8,"bias":[0.09083125528928647,0.0506724361846384],"friction":6},"(9, 5)":{"proportion":9,"bias":[0.09875121741538492,0.047385596175688764],"friction":5},"(11, 6)":{"proportion":11,"bias":[0.06815584451836088,0.05079831199631751],"friction":6},"(9, 6)":{"proportion":9,"bias":[0.09784403513567466,0.04890977006272596],"friction":6},"(7, 5)":{"proportion":7,"bias":[0.11550530722363911,0.07286372344429844],"friction":5},"(7, 6)":{"proportion":7,"bias":[0.10046499785847067,0.04698470473802003],"friction":6}}