{"(11, 8)":{"proportion":11,"bias":[0.06007351459008314,0.03556271771930586],"friction":8},"(9, 8)":{"proportion":9,"bias":[0.05529610652227365,0.03033564166961999],"friction":8},"(7, 7)":{"proportion":7,"bias":[0.07469183480071291,0.03511357051748274],"friction":7},"(7, 8)":{"proportion":7,"bias":[0.0790518500950966,0.04214877580798653],"friction":8},"(10, 7)":{"proportion":10,"bias":[0.06983211092247407,0.03125231604953398],"friction":7},"(10, 8)":{"proportion":10,"bias":[0.05383202704680322,0.029879531940448175],"friction":8},"(12, 7)":{"proportion":12,"bias":[0.04564489217881907,0.03904633883161766],"friction":7},"(8, 7)":{"proportion":8,"bias":[0.07896313430317341,0.036530794703776084],"friction":7},"(12, 8)":{"proportion":12,"bias":[0.04478940559043664,0.023810652203147997],"friction":8},"(8, 8)":{"proportion":8,"bias":[0.07173049384628058,0.0335640938542607],"friction":8},"(11, 7)":{"proportion":11,"bias":[0.06278681307578894,0.0326492879048845],"friction":7},"(9, 7)":{"proportion":9,"bias":[0.07042230855204515,0.034448929770228225],"friction":7}}